Word,ID
Адарен Тораз,385889
Аетейль,385890
Азарин,385891
Айлит Горный Бриз,385892
Алгет'арская заклинательница,385893
Алгет'арская первокурсница,385894
Алгет'арский рыцарь эха,385895
Алгет'арский целитель,385896
Аллик,385897
Алрегоса,385898
Алхимик Флегмоглотка,385899
Андантенорму,385900
Андорис,385901
Анклав директора,385902
Антука,385903
Аона Касельдри,385904
Арвилло-волногоны,385905
Аргали,385906
Аркбаллиста,385907
Арфа Рубинового Пира,385908
Археолог экспедиции,385909
Ассистентка академии,385910
Астральный служитель,385911
Аттик Белле,385912
Аукционист Антикдорми,385913
Аукционист Импориго,385914
Аукционистка Экспордира,385915
Бабочка-монарх из академии,385916
Багровый древостук,385917
Бакир,385918
Балгар,385919
Бань Ши,385920
Барабан Рубинового Пира,385921
Барон фон Крылокус,385922
Бастион Стальных холмов,385923
Бдительный дракон,385924
Бездельничающая исследовательница,385925
Бездельничающий исследователь,385926
Безумная беготня,385927
Бей и лети,385928
Белка нагорья,385929
Береговой бобренок,385930
Береговой древозуб,385931
Береговой краб-бегун,385932
Бериний,385933
Бивогоса,385934
Битва копий,385935
"Битва копий, наступление клана Нокхуд",385936
Благодатные ветра,385937
Блюдо Рубинового Пира,385938
Бобренок,385939
Боевой кузнец из клана Нокхуд,385940
Боевой охун,385941
Боевой пес клана Нокхуд,385942
Боевой страж из клана Нокхуд,385943
Божественный поцелуй Он'ары,385944
Бойцовский пес клана Нокхуд,385945
Бракетзи,385946
Брейккас,385947
Бри'джо,385948
Бродячий аргали,385949
Бромитий,385950
Бронзовый анклав,385951
Бронзовый дракончик,385952
Бронзовый ездовой протодракон,385953
Бронзовый часовой,385954
Бронированный величественный ворквин,385955
Бронированный силовой ворквин,385956
Бронированный стремительный ворквин,385957
Броня для известных,385958
Бросок в воздушные ворота,385959
Бросок в огненные ворота,385960
Брюхокол,385961
Будущее воинов стихий,385962
Будущее пиршество,385963
Буйный порыв,385964
Бурошкур-глашатай,385965
Бурошкур-зритель,385966
Бурошкур-зрительница,385967
Бурошкур-копатель,385968
Бурошкур-копательница,385969
Бурошкур-хулиган,385970
Бурый боевой выдрек,385971
Бухта Крылатого Приюта,385972
Бьющаяся тилапия,385973
Вашенгту,385974
Ваятель земли из карьера,385975
Ваятельница земли из карьера,385976
Вермера,385977
Верхние Морозные земли,385978
Верховная чаротворица Ривати,385979
Вершинный отшельник,385980
Ветряная шишка,385981
Вираник,385982
Вихрь инея,385983
Вожделение Мрачной Жатвы,385984
Воин Айаанг,385985
Воин бури,385986
Воин земли – разбиватель осколков,385987
Воин земли – разбивательница осколков,385988
Воин из совета стихий,385989
Воин стихий – буретворец,385990
Воин стихий – буретворица,385991
Воин стихий – заклинательница пламени,385992
Воин стихий – землетряс,385993
Воин стихий – ледострел,385994
Воин стихий – насыщательница,385995
Воин стихий - пламестраж,385996
Воин стихий – породитель потопа,385997
Воин стихий – породительница потопа,385998
Воин стихий – разбиватель волн,385999
Воин стихий – разбивательница волн,386000
Воин стихий - хранитель земли,386001
Воин стихий – чародейка,386002
Воин стихий - штурмовик,386003
Воин стихий – электроткач,386004
Воин стихий – электроткачиха,386005
Воин стихий-геомант,386006
Воитель Эн'галад,386007
Вораксиан,386008
Ворквин-страж,386009
Восставший бакар,386010
Восторженная поклонница,386011
Восторженный поклонник,386012
Восьминогая ярость,386013
Воющий ветер,386014
Врата воинов стихий,386015
Вредный слизнюк,386016
Высокорогий вожак,386017
Гафф Рунический Тотем,386018
Гекль,386019
Геликирский интендант,386020
Геритий,386021
Гестера,386022
Гиаси Ра'лар,386023
Гиббл Шовчик,386024
Гигант,386025
Гигантский крепкозуб,386026
Гигантский штормодемон,386027
Гиена снегошкуров,386028
Главный шеф-повар,386029
Главный шпион Черного Когтя,386030
Глазок,386031
Гламора,386032
Гласиас,386033
Глашатай огненной клятвы,386034
Гневион и Сабеллиан,386035
Гнездо Рузаст,386036
Гнездящаяся моевка,386037
Гнилое чудовище,386038
Гнолл-налетчик,386039
Гнолл-налетчица,386040
Голодный протодракон,386041
Голодный тундровый медведь,386042
Гость Дрейфера,386043
Гостья Дрейфера,386044
Готук,386045
Грак'и,386046
Гремми,386047
Гриб-драконокрыл,386048
Грозовая буря,386049
Громадный лавовый крепкозуб,386050
Громила из клана Нокхуд,386051
Громовой кулак из клана Нокхуд,386052
Громоспин-путешественник Яша,386053
Гротовый ползун,386054
Гурблбоблр Захватчик,386055
Гурман-отдыхающая,386056
Гурман-отдыхающий,386057
Дегустатор супа,386058
Дервишиан,386059
Детеныш древоспина,386060
Детский сад для драконят,386061
Джарадин-воин,386062
Джарадин-магмотворец,386063
Джарадин-магмотворица,386064
Джейлора,386065
Дженс Вилгроув,386066
Джурун,386067
Дикая гиена,386068
Дикий речноспин,386069
Добытчик с окраин,386070
Дозорные Времени,386071
Дозорный Коранос,386072
Дозорный хранилища,386073
Доктор Туманного дола,386074
Долинная лиса-виверна,386075
Долинный гризли,386076
Дракон багрового гладиатора,386077
Драконид,386078
Драконий грот,386079
Драконий символ,386080
Дракон-посетитель,386081
Дракончик акведука,386082
Драктир-первокурсник,386083
Драктир-первокурсница,386084
Драктир-пробудитель,386085
Драктир-пробудительница,386086
Древесная летяга,386087
Древний монолит с гравировкой,386088
Древний пастырь,386089
Дрейфер,386090
Дрожик Притиркинс,386091
Дух морских глубин,386092
Дыра Дрейфера,386093
Жадный рогоплав,386094
Желтый боевой выдрек,386095
Жестокая костекрушительница,386096
Живая грязевая маска,386097
Жнец душ Галтмаа,386098
Жнец душ Даарен,386099
Жнец душ Мандакх,386100
Жнец душ Тумен,386101
Жрица ветра Кулисек,386102
Заведующая Мимзи Камнебойка,386103
Загадочная острая рыба-лента,386104
Загорающая саламантера,386105
Заиндевелая сосулька,386106
Заказы,386107
Заказы на предметы,386108
Закаленная льдом ревнительница,386109
Заклинатель ветров из клана Он'ир,386110
Заклинательница ветров из клана Он'ир,386111
Зал порталов Престола Аспектов,386112
Заледеневший покоритель,386113
Замерзающая жертва,386114
Замерзший речной выдрек,386115
Замицилат,386116
Заряды катализатора,386117
Заряженный губитель,386118
Застрявший во времени медведь,386119
Заступник из клана Нокхуд,386120
Заступница из клана Нокхуд,386121
Затаившийся брюхокол,386122
Затерянный во времени дьявозавр,386123
Защитник Кайне,386124
Защитник Шока,386125
Защитник-покровитель,386126
Защитница времени,386127
Звериный патруль,386128
Звуковой преследователь хора рогоплавов A,386129
Звуковой преследователь хора рогоплавов B,386130
Здоровенный крепкозуб,386131
Зейн Звездный Творец,386132
Зелдис,386133
Зеленая стрекотуха,386134
Зелт,386135
Земледробитель,386136
Землекованый глыбень,386137
Землекрушитель,386138
Земноводный илорой,386139
Зетч,386140
Зефарион,386141
Зиддорм,386142
Зимний завоеватель,386143
Зимняя завоевательница,386144
Зинфандорму,386145
Зира,386146
Злобный бокоход,386147
Зловонное семя,386148
Знающая тень,386149
Игривый косатик,386150
Изготовительница копий Натука,386151
Изменчивый паучок,386152
Изменчивый пещерный ловец,386153
Изменчивый юркожвал,386154
Изначальная аватара,386155
Изначальная ледяная глыба,386156
Изначальное воззвание,386157
Изначальное пламя,386158
Изначальное сосредоточение,386159
Изначальные бури: Бесплодные земли,386160
Изначальные бури: Северные степи,386161
Изначальные бури: Тирисфальские леса,386162
Изначальные бури: Ун'Горо,386163
Изначальный бастион,386164
Изначальный бурестраж,386165
Изначальный камнешкур,386166
Изумрудная садовница,386167
Изумрудная стражница Айелазра,386168
Изумрудная стражница Люсидра,386169
Изумрудная стражница Сайлиазра,386170
Изумрудная стражница Тэлиазра,386171
Изумрудная стражница Фелиазра,386172
Изумрудная стражница Эрешра,386173
Изумрудный анклав,386174
Изумрудный садовник,386175
Изумрудный чешуйчатый страж,386176
Илистый Плавник,386177
Ингредиент Рубинового Пира,386178
Инспектор Гутин,386179
Инструктор по водным лыжам,386180
Инструктор по йо-ге,386181
Инструктор экспедиции,386182
Интендант,386183
Интендант режима войны,386184
Ирастраза,386185
Исказительница Деландра,386186
Искара,386187
Искрошишка,386188
Использованная грязевая маска,386189
Испытание в Тирхолде,386190
Испытательная мишень черных драконов,386191
Исследователь Драконьей экспедиции,386192
Исследователь Мнийе,386193
Исследовательница Драконьей экспедиции,386194
Иссушенная олениха,386195
Иссушенный олень,386196
Историк и поставщик информации,386197
Ихань Колючая Лапа,386198
Ищущий буревик,386199
Йикко,386200
Йолвана,386201
Йорнэр,386202
Каайя,386203
Казра,386204
Казу,386205
Кал'увин,386206
Кальдеракс,386207
Каменистый кристалл,386208
Каменная шишка,386209
Камнеглот,386210
Камнезубый тигренок,386211
Камнекорень Спокойный,386212
Камнелапый ужас,386213
Камнерезчик Туманного дола,386214
Камнерезчица Туманного дола,386215
Камнестраж-агрессор,386216
Камнестраж-скаломол,386217
Капитан заставы Кора,386218
Караульная из Расколотого Пламени,386219
Карсен,386220
Карьер Насыщения,386221
Катализатор вдохновения – валюта учетной записи,386222
Каталогизатор Джейкс,386223
Каталогизатор Корали,386224
Кентавр из клана Нокхуд,386225
Кентавр-боец,386226
Кену,386227
Керазал,386228
Кетолия,386229
Кешиктен Акато,386230
Кешиктен Джеботай,386231
Кешиктен Ходжин,386232
Киврок,386233
Киисе Мягкое Копыто,386234
Кикролиан,386235
Киракка,386236
Кисель,386237
Клерк Златоблеск,386238
Клерк Рокот Прибоя,386239
Клерк Серебряная Лапа,386240
Клерк Скаравелль,386241
Клерк Уивер,386242
Клешнекап,386243
Клуб Hearthstone,386244
Клыкаррские волокуши,386245
Клыкаррский ребенок,386246
Клыкаррское кресло-мешок,386247
Клыкарр-стражница,386248
Клыкарры – рыболовная сеть – зона 02 – сеть 01 – трофеи,386249
"Ключи Он'ир, наступление клана Нокхуд",386250
Книга транслокации,386251
Кобальтовая библиотека,386252
Кобальтовый василиск,386253
Коврик для солнечных ванн,386254
Когнир,386255
Конклав стихий,386256
Консорциум ремесленников,386257
Конфлаго,386258
"Корабль к Берегам Пробуждения, Драконьи острова",386259
Корксиан,386260
Королевна Нежнопышка,386261
Косматый прыгун,386262
Котел с зельями великой мощи |A:Professions-Icon-Quality-Tier1-Small:20:20|a,386263
Котел с зельями великой мощи |A:Professions-Icon-Quality-Tier2-Small:20:20|a,386264
Котел с зельями великой мощи |A:Professions-Icon-Quality-Tier3-Small:20:20|a,386265
Крадущийся камнезуб,386266
Красноклюв-охотник,386267
Крепкошкур,386268
Кристаллизованный кошмар,386269
Кристаллический кремнезем,386270
Кристальная тюрьма,386271
Кристальный крушитель,386272
Крожалан,386273
Крох,386274
Крылатый сон,386275
Ксагний Вечногнус,386276
Ксальдрас,386277
Ксема,386278
Куакс,386279
Куалаши - крушитель ворот,386280
Куалаши - крушительница ворот,386281
Куалаши – повелитель пламени,386282
Куалаши – повелительница пламени,386283
Куалаши – укротитель магмы,386284
Куалаши – укротительница магмы,386285
Куалаши-застрельщик,386286
Куалаши-застрельщица,386287
Куалаши-костекрушитель,386288
Куалаши-костекрушительница,386289
Куалаши-магмотворец,386290
Куалаши-магмотворица,386291
Куалаши-огнекрушитель,386292
Куалаши-огнекрушительница,386293
Куалаши-рубака,386294
Куалаши-черепоносец,386295
Куалаши-черепоносица,386296
Кузнец Джосу,386297
Кузнец Куроко,386298
Кулиза,386299
Кунака,386300
Купз Лескорез,386301
"Курорт ""Мирные сны""",386302
Кусок хлеба,386303
Куча сокровищ,386304
Лавовая напольная турель,386305
Лагерь Драконьей экспедиции,386306
Лазурная защитница,386307
Лазурное хранилище (удалить),386308
Лазурный ворквин,386309
Лайла,386310
Лани,386311
Лаунд Солнцелов,386312
Леди Перокрас,386313
Ледниковый протодракон,386314
Ледяная шишка,386315
Лепесток,386316
Лик Победителя,386317
Лиллистраза,386318
Лиловокрылый жук-олень,386319
Линдорми,386320
Липкая волна,386321
Лисканот,386322
Лискесзера,386323
Лити,386324
Лоамас,386325
Ловчий Со'лар,386326
Лодочка на колесиках,386327
Лорд Кразор,386328
Лорд Хохогонек,386329
Лук,386330
Лупоглазая фурия,386331
Любитель йо-ги,386332
Любопытная туристка,386333
Любопытный турист,386334
Магическая иллюзия,386335
Магический аннигилятор,386336
Магический громила,386337
Магический разрушитель,386338
Магический сдвиг времени,386339
Магическое чудовище,386340
Магмакоготь,386341
Магмарожденный лавоклинок,386342
Магмас,386343
Магмовый яростень,386344
Магмонт куалаши,386345
М'акеттек,386346
Мальдра Язык Пламени,386347
Мания,386348
Марал Безмятежного холма,386349
Мармони-фруктомет,386350
Мародер из лагеря Кейган,386351
Марукай,386352
"Марукай, наступление клана Нокхуд",386353
Массажист,386354
Массажистка,386355
Мастер аркбаллисты,386356
Мастер доспехов Дарта,386357
Мастер порталов,386358
Матриарх небесноперов,386359
Мелони,386360
Местная буря,386361
Место ритуала изначальной черепахи,386362
Механик Абиру,386363
Миделис,386364
Мисиндра,386365
Мистер Кусака,386366
Могучий драконид,386367
Модель,386368
Мойо Колло,386369
Молодой Белво,386370
Молодой густошерстный медведь,386371
Молодой короткошерстный медведь,386372
Молодой рубиновый дракон,386373
Морозная личинка,386374
Морозный паучок,386375
Морозный червь,386376
Моряк Древнекрюк,386377
Морячка Крепкая Леска,386378
Мэдорми,386379
Мэл Оукрэйвен,386380
Мюллер,386381
Мятежник - шаблон,386382
Мятежник Туманного дола,386383
Мятежница Туманного дола,386384
Наблюдательная крыса,386385
Наблюдающая тень,386386
Награды за очки завоевания,386387
Награды за очки чести,386388
Назойливый протодракончик,386389
Накаленное рубиновое яйцо,386390
Накина,386391
Налаа,386392
Налдорми,386393
Наликс,386394
Насыщатель из карьера,386395
Насыщательница из карьера,386396
Начальник порта Драконьих островов,386397
Начальник уктулутского порта,386398
Начальница уктулутского порта,386399
Начинающий музыкант,386400
Небеснопер из Резервуара,386401
Невнимательная студентка,386402
Невнимательный студент,386403
Незаконченный рунический камень,386404
Неизвестное русло,386405
Некротический тотем,386406
Ненасытный рогоплав,386407
Неперевариваемый слизнюк,386408
Непокорная гиена,386409
Нерестующий крепкозуб,386410
Нестабильная буря,386411
Нестабильное пламя,386412
Нестабильный мороз,386413
Нестабильный насыщатель,386414
Нестабильный побег,386415
Нестабильный смотритель,386416
Несущий бурю агрессор,386417
Несущий бурю ледострел,386418
Нетерпеливая аристократка,386419
Нетерпеливый аристократ,386420
Нисходящий поток,386421
Нокхудская копейщица,386422
Нокхудская старшая охотница,386423
Нокхудский копейщик,386424
Нокхудский старший охотник,386425
Нокхудское копье,386426
Ноорейв,386427
Область эхо,386428
Обледеневшая низина,386429
Обмен жетонов,386430
Обновленный протодракон,386431
Обожженное рубиновое яйцо,386432
Обозленная горожанка,386433
Обозленный горожанин,386434
Обрадованный рубиновый дракончик,386435
Обсидиановая защитница,386436
Обсидиановая родословная,386437
Обсидиановая цитадель и крепость Драконьей Погибели,386438
Обсидиановые Хранители,386439
Обсидиановый анклав,386440
Обсидиановый защитник,386441
Обсидиановый экипировщик,386442
Обученный выдрек,386443
Обученный охун,386444
Огнезев,386445
Огненосец,386446
Огненосица,386447
Огнечешуйчатый капитан,386448
Огнечешуйчатый тарасекк,386449
Огромная шляпа исследователя,386450
Одомашненный выдрек,386451
Озябший исследователь,386452
Окруженная исследовательница,386453
Окруженный исследователь,386454
Опаляющая жижа,386455
Опора,386456
Оружейник Алум,386457
Осада Драконьей Погибели,386458
Осадная аркбаллиста,386459
Оскверненный топор Берке,386460
Оссик,386461
Островная бабочка,386462
Островной грифон,386463
Отважный дракончик,386464
Отдыхающая скальная черепаха,386465
Отзывчивый наездник на драконе,386466
Охлажденное рубиновое яйцо,386467
Охотник глубин,386468
Охранник Держискок,386469
Охун,386470
Охун Стальных холмов,386471
Охунский насест,386472
Очень голодный и счастливый протодракон,386473
Ошибка рыбака,386474
Павлин из академии,386475
Падение наковальни,386476
Падший заклинатель воды,386477
Паникующий лекарь,386478
Парение,386479
Паровое слияние,386480
Паровой скарабей,386481
Пастушка крабов Кад'ирза,386482
Патео,386483
Паштан Просоленное Копыто,386484
Пепельное перо,386485
Перемещенная земля,386486
Перенаправленный поток,386487
Перерожденная буря,386488
Переутомленная студентка,386489
Переутомленный студент,386490
Пернатый прародитель,386491
Пехотинец Орды,386492
Пещера Пепельного Сланца,386493
Пещерный василиск,386494
Пещерный волшебный дракончик,386495
Пещерный тиран,386496
Пиротехнический тотем Бурошкуров,386497
Питательные орехи,386498
Питомец Йолваны,386499
Питомец Мании,386500
Питомец невнимательного студента,386501
Питомец Со'лара,386502
Питомец Тины Фух,386503
Питомец Холлии,386504
Плавильщик Пламий,386505
Пламенный кипятень,386506
Пленная путешественница,386507
Пленный путешественник,386508
Плотинный бобер,386509
Повелительница могил Монкх,386510
Погонщица Рендра,386511
Подержанные товары,386512
Поджигатель Туманного дола,386513
Поджигательница Туманного дола,386514
Подземный протодракон,386515
Подмастерье Гекируун,386516
Подмастерье садовника,386517
Поднебесная обсерватория,386518
Подрагивающая жеода,386519
Подстрекательница из клана Нокхуд,386520
Пожирательница бурь,386521
Поклонник Казры номер два,386522
Поклонник Казры номер один,386523
Поклонник Казры номер три,386524
Покупатель черного рынка,386525
Покупательница черного рынка,386526
Полет Морозной Вспышки,386527
Полустопкс,386528
Польки Электрозубец,386529
Помощник интенданта,386530
Помощник каталогизатора Харидоз,386531
Помощник Ханишры в учебе,386532
Помощник шеф-повара,386533
Помощница распорядителя полетов,386534
Пораженный ша страж,386535
Порочная ткачиха туманов,386536
Портал в будущее воинов стихий,386537
Портал в Исход,386538
Посвященный Артуу,386539
"Посетитель ""Прощальной чаши""",386540
Посетитель йо-ги,386541
"Посетительница ""Прощальной чаши""",386542
Посетительница йо-ги,386543
Посол Драконьих островов,386544
Потребительские товары и ремонт,386545
Потревоженные обломки,386546
Потревоженный бокоход,386547
Потревоженный борей,386548
Потрясенная свидетельница,386549
Потрясенный свидетель,386550
Потусторонний ездовой выдрек,386551
Почетная ваятельница земли,386552
"Предместья клана Нокхуд, наступление клана Нокхуд",386553
Преследователь прыжковой платформы,386554
Преследователь телепортации,386555
Престол Аспектов,386556
Привратник курорта,386557
Привязь волногона,386558
Призванная заиндевелая сосулька,386559
Призванные убийцы,386560
Призыватель бури из клана Нокхуд,386561
Призывательница бури Велдра,386562
Призывательница бури из клана Нокхуд,386563
Прислужник Зиддорм,386564
Пробудившийся исполин,386565
Проворная грязевая маска,386566
Прожорливый протодракон,386567
Проказница Рони,386568
Пролет над Морозными землями,386569
Пронизывающая тень,386570
Пропавшая Арвилло,386571
Пропавшая команда,386572
Пророчица Визос,386573
Протодракон воздуха,386574
Протодракон льда,386575
Профессиональная барабанщица,386576
Профессия – количество заказов – алхимия,386577
Профессия – количество заказов – инженерное дело,386578
Профессия – количество заказов – кожевничество,386579
Профессия – количество заказов – кузнечное дело,386580
Профессия – количество заказов – наложение чар,386581
Профессия – количество заказов – начертание,386582
Профессия – количество заказов – портняжное дело,386583
Профессия – количество заказов – ювелирное дело,386584
Профессор Билморий,386585
Профессор Ватлинтет,386586
Профессор Дайанстраз,386587
Профессор Дромокдорми,386588
Профессор Ланцисса,386589
Профессор Оксигос,386590
Проход в Хранилище,386591
Прощальная чаша,386592
Прудовая утка,386593
Прудовой утенок,386594
Прыгающий окунь,386595
Прыгучий паучок,386596
Псарь из клана Нокхуд,386597
Пузырящийся побег,386598
Путешественник по Драконьим островам,386599
Путешественница по Драконьим островам,386600
Пылающая эгида,386601
Работник курорта,386602
Работящий выдрек,386603
Рае'ана,386604
Разгневанный призрак,386605
Раздражимое содержимое,386606
Раздувшийся труп,386607
Разлагающийся слизень,386608
Разрушительное пламя,386609
Раккили,386610
Раксем,386611
Раненая жительница,386612
Раненый боец святилища,386613
Раненый житель,386614
Раскаленный шип,386615
Расколотое Пламя,386616
Расколотый фрагмент,386617
Распорядитель из клана Черного Железа,386618
Распорядитель Рубинового Пира,386619
Расхитительница-угнетательница,386620
Расхититель-угнетатель,386621
Расчетливая рыбачка,386622
Рашагет,386623
Реактор титанов,386624
Рей,386625
Реластраза,386626
Рефти-защитник,386627
Рефти-защитница,386628
Речноспин-говорун,386629
Речноспин-детеныш,386630
Речноспин-топотун,386631
Ринаам,386632
Ринстон,386633
Ро,386634
Рогатый пройдоха,386635
Рогоплав,386636
Рогоплав-матриарх,386637
Рокочущий валун,386638
Рокочущий опустошитель,386639
Росяная шишка,386640
"Рубиновая застава, Берега Пробуждения",386641
Рубиновая чешуйчатая стражница,386642
Рубиновый анклав,386643
Рубиновый следопыт,386644
Рубиновый чешуйчатый стражник,386645
Руди,386646
Рудоискатель Гурт,386647
Рудокоп Туманного дола,386648
Рука помощи Руперта,386649
"Руперт, элементаль-джентльмен",386650
Рыбачка-исследовательница,386651
Рыболовная лунка Мрачноклыка,386652
Рыболовная лунка речного устья,386653
Рыболовная сеть,386654
Рыбья Пасть,386655
Рыжая лосиха,386656
Рыжий лосенок,386657
Рыжий лось,386658
Рынок ремесленников,386659
Рэдд Молот Небес,386660
Садовница Тулиш,386661
Садовый рогоплав-бык,386662
Салукан,386663
Сапфировый анклав,386664
Сварливая мирулитка,386665
Сварливая моевка,386666
Свежезаваренный драконий чай,386667
Свентиан,386668
Свирепый магмонт,386669
Свирепый саблезуб,386670
Свита Зелдиса,386671
Свиток двойного прыжка,386672
Свиток зеркального отражения,386673
Свиток личной невидимости,386674
Свиток ослепительной скорости,386675
Свиток сдерживающего прыжка,386676
Сводящая с ума тень,386677
Секнар,386678
Селорму,386679
Селтерекс,386680
Сендракс,386681
Серохвостый олененок,386682
Сиазератель,386683
Сила родников,386684
Силовые омуты,386685
Синий ездовой протодракон,386686
Сицзань Колючая Лапа,386687
Сияющий дракон,386688
Скала ураганов,386689
Скаут,386690
Скованный водой сундук,386691
Скованный осколыш,386692
Скользкий лосось,386693
Скрипорев,386694
Слияние мудрости,386695
Слияние стихий,386696
Слуга Вожделения,386697
Слуга Дафии,386698
Слуга Кадроса,386699
Слуга Опалового Клыка,386700
Слуга Эмбар,386701
Служитель времени,386702
Служитель Солнца Чисо,386703
Смертожабр,386704
Смертожабр-разрушитель,386705
Смотритель крепости,386706
Смотритель лодок,386707
Смотритель стойл,386708
Смотрительница крепости,386709
Смотрительница стойл,386710
Смотрительница стойл,386711
Снабженец Фом,386712
Снабженец экспедиции,386713
Снегошкур-боец,386714
Снежная белка,386715
Снижение скорости,386716
Собиратель из рощи,386717
Собиратель-шептун,386718
Содрогающийся шпиль,386719
Созданный кошмар,386720
Сокровищница Вальдраккена,386721
Солдат Драконьей Погибели,386722
Сомелье Зеш,386723
Сомникус,386724
Сотворенный плеточник,386725
Сотрудник академии,386726
Сотрудница академии,386727
Сочащееся разложение,386728
"Спенсер ""Башмачник"" Рид",386729
Спутник Айлит,386730
Стабилизатор тайной магии,386731
Старший винодел и шеф-повар Сурамара,386732
Старый Белфир,386733
Статуя защитника,386734
Статуя защитной матрицы,386735
Статуя титана,386736
Стиббинс,386737
Стиляга,386738
Стойкий хранитель стаи,386739
Страж Дозорных Времени,386740
Страж жизни Стальных холмов,386741
Страж котла Драконьей Погибели,386742
Стражница котла Драконьей Погибели,386743
Странный медвежонок,386744
Стрекоза из горячих источников,386745
Стрекотуха,386746
Студент академии,386747
Студент-дуэлянт,386748
Студентка академии,386749
Студентка-дуэлянтка,386750
Сундук с магическим замком,386751
Суровый дракон,386752
Су-шеф Дюранг,386753
Сущность сосредоточенной бури,386754
Счетчик драконьих символов,386755
Сын Сна,386756
Тарасекк-расхититель,386757
Тареш,386758
Тарил,386759
Таттукиака,386760
Твердорез-глодальщик,386761
Твердорез-падальщик,386762
Телаш Серокрылый,386763
Теликс Бурерог,386764
Телохранитель Дрейфера,386765
Телохранитель телохранителя Дрейфера,386766
Темнозубый разрыватель,386767
Темнолапка,386768
Темнолапый косильщик,386769
Темные Когти,386770
Темпераментный небесный коготь,386771
"Тенистый Приют, равнины Он'ары",386772
Тенит,386773
Терзатель Туманного дола,386774
Терзательница Туманного дола,386775
Тери,386776
Территориальный протодракон,386777
Тестоваятельница Тенегорна,386778
"Тиракай, наступление клана Нокхуд",386779
Тирастраза,386780
Тлеющий птенец феникса,386781
Товары для алхимии и начертания,386782
Товары для инженеров,386783
Товары для кузнецов,386784
Товары для наложения чар,386785
Товары для портных и кожевников,386786
Товары для ювелиров,386787
Товары и обучение для алхимиков,386788
Товары и обучение для кузнецов,386789
Товары и обучение для портных,386790
Тогглин,386791
Томри,386792
Тондрозий,386793
Торговец рыбой из пролива Кракена,386794
Торговка оттуками,386795
Тотем землелома,386796
Транспорт волногона,386797
Тренировочный манекен клыкарров,386798
Тропа Стальных холмов,386799
Трюфель,386800
Тума,386801
Туптук,386802
Тур по Искаре,386803
Убежище гладиатора,386804
Уджни,386805
Удивленный топороклюв,386806
Уктулутская защитница,386807
Уктулутская рыбачка,386808
Уктулутская селянка,386809
Уктулутский аванпост,386810
"Уктулутский аванпост, Берега Пробуждения",386811
Уктулутский выдрек,386812
Уктулутский защитник,386813
Уктулутский рыбак,386814
Уктулутский селянин,386815
Улучшение предметов,386816
Унджиюп,386817
Усиленная улитка,386818
Усмиренный порыв,386819
Устройство управления потоком,386820
Утенок,386821
Учитель полетов на драконах,386822
Учитель трансформации,386823
Учительница кузнечного дела,386824
Учительница наложения чар,386825
Учительница полетов на драконах,386826
Учительница портняжного дела,386827
Учительница снятия шкур,386828
Учительница травничества,386829
Учительница ювелирного дела,386830
Уэйнор,386831
Фаластраз,386832
Фанн,386833
Фари,386834
Фельдмаршал Эмберат,386835
Фернарий,386836
Фигг,386837
Фиолетовый древоспин,386838
Фиракк,386839
Фифи,386840
Флейта Рубинового Пира,386841
Флер Скворец,386842
Фолиант трансмогрификации,386843
Фонарный столб,386844
Фэра,386845
Хадсон Дэйвор,386846
Хан Хадари,386847
Ханам Матра Сарест,386848
Ханишра,386849
Хапаниут,386850
Хиппойсти,386851
Хладодышащий арахнид,386852
Хладорылый медведь,386853
Хлебные корки,386854
Хлюпикус,386855
Хозяйка таверны,386856
Холлия,386857
Хранитель земли Драконьей Погибели,386858
Хранительница земли Драконьей Погибели,386859
Хранительница известности,386860
Хранительница катализаторов,386861
Хрово,386862
Хрономант Фосилдрал,386863
Художник академии,386864
Хурак,386865
Целитель Стальных холмов,386866
Целительница Стальных холмов,386867
Целительница Эскрос,386868
Цель луча,386869
Циккори,386870
Циклас,386871
Цогмаа,386872
Чароброс Туманного дола,386873
Чародейская бестия,386874
Чародейский диск,386875
Чаротворица бури,386876
Чаротворица пламени,386877
Часовая Драконьей Погибели,386878
Часовая из клана Нокхуд,386879
Часовая из Черного Когтя,386880
Часовая крепости,386881
Часовой Драконьей Погибели,386882
Часовой из клана Нокхуд,386883
Часовой крепости,386884
Частица волшебных приправ,386885
Черепашка,386886
Черная Бекка,386887
Чернорабочая,386888
Чернорабочий,386889
Чешуеклят-страж,386890
Чешуеспин акведука,386891
Чизус,386892
Чипс,386893
Чудовищный портал,386894
Шалунья,386895
Шеллак,386896
Шеф-повар Лакомка,386897
Шеф-повар Падающей Воды,386898
Шикаарская разведчица,386899
Шикаарская часовая,386900
Шикаарский бакар,386901
Шикаарский разведчик,386902
Шикаарский следопыт,386903
Шикаарский часовой,386904
Шимидорми,386905
Шкафчик с множеством плащей,386906
Шлаковый пес,386907
Штормградский корабль на Берега Пробуждения,386908
Штормовой бронедон,386909
Штормовой протодракон,386910
Штуберт Нерпомер,386911
Шут голода,386912
Щитобой Драконьей Погибели,386913
Эванткис,386914
Эвориан,386915
Эзралор,386916
Элитные награды за очки завоевания,386917
Эльзара,386918
Энергия шторма,386919
Энт разложения,386920
Эпохальные ключи,386921
Эркхарт Кровь Бури,386922
Эстарастраз,386923
Эфра Бризвуд,386924
Эш Багсбэйн,386925
Южный шатун,386926
Якори расставлены,386927
Яростный вихрь когтей,386928
Ярый боевой штандарт,386929
Ячмень,386930
Торговка выдреками,386931
